Column Name,Real Column Name,Description
id,ID,Unique identifier for each record.
first_name,First Name,The first name of the individual.
last_name,Last Name,The last name of the individual.
dob,Date of Birth,The birth date of the individual.
gender,Gender,The gender of the individual.
test_date,Date,The date the stress level was reported.
test_time,Time,The time the stress level was reported.
stress_score,Self-Reported Stress Score,The individual's perceived level of stress.
source_of_stress,Stress Source,The primary cause of stress for the individual.
physical_symptoms,Physical Symptoms,Physical symptoms experienced due to stress.
emotional_symptoms,Emotional Symptoms,Emotional symptoms experienced due to stress.
coping_mechanism,Coping Mechanisms,Methods used to cope with stress.
duration_of_stress,Duration of Stress (days),The duration of stress experienced in days.
severity,Severity,The severity of the stress experienced.
heart_rate,Heart Rate,The heart rate of the individual at the time of reporting in beats per minute
cortisol_levels,Cortisol Level,The cortisol level of the individual at the time of reporting in µg/dL
sleep_quality,Sleep Quality,The quality of sleep reported by the individual
mood,Mood,The mood of the individual at the time of reporting
stress_level_score,Stress Level Score,"A composite score calculated based on the severity of stress, sleep quality, mood, heart rate, cortisol level, and stress duration."
